order_id,customer_id,total,items
ORD-2025-001,1,999.00,"[{""product"":""Laptop"",""qty"":1,""price"":999}]"
ORD-2025-002,2,199.99,"[{""product"":""Mouse"",""qty"":2,""price"":99.99}]"
ORD-2025-003,3,49.99,"[{""product"":""Keyboard"",""qty"":1,""price"":49.99}]"
ORD-2025-004,1,299.50,"[{""product"":""Monitor"",""qty"":1,""price"":299.5}]"
ORD-2025-005,4,89.99,"[{""product"":""Headphones"",""qty"":1,""price"":89.99}]"
ORD-2025-006,5,1299.00,"[{""product"":""Gaming PC"",""qty"":1,""price"":1299}]"
ORD-2025-007,1,59.99,"[{""product"":""Mouse Pad"",""qty"":1,""price"":59.99}]"
ORD-2025-008,2,79.99,"[{""product"":""Webcam"",""qty"":1,""price"":79.99}]"
ORD-2025-009,3,149.99,"[{""product"":""External SSD"",""qty"":1,""price"":149.99}]"
ORD-2025-010,4,39.99,"[{""product"":""USB Cable"",""qty"":2,""price"":19.99}]"
ORD-2025-011,5,199.99,"[{""product"":""Smart Speaker"",""qty"":1,""price"":199.99}]"
ORD-2025-012,1,899.00,"[{""product"":""Tablet"",""qty"":1,""price"":899}]"
ORD-2025-013,2,249.99,"[{""product"":""Wireless Charger"",""qty"":1,""price"":249.99}]"
ORD-2025-014,3,129.99,"[{""product"":""Bluetooth Speaker"",""qty"":1,""price"":129.99}]"
ORD-2025-015,4,59.99,"[{""product"":""Phone Stand"",""qty"":1,""price"":59.99}]"
ORD-2025-016,5,199.99,"[{""product"":""Smart Watch"",""qty"":1,""price"":199.99}]"
ORD-2025-017,1,349.99,"[{""product"":""Printer"",""qty"":1,""price"":349.99}]"
ORD-2025-018,2,799.00,"[{""product"":""Drone"",""qty"":1,""price"":799}]"
ORD-2025-019,3,149.99,"[{""product"":""Robot Vacuum"",""qty"":1,""price"":149.99}]"
ORD-2025-020,4,19.99,"[{""product"":""Screen Cleaner"",""qty"":1,""price"":19.99}]"
ORD-2025-021,5,499.99,"[{""product"":""Camera"",""qty"":1,""price"":499.99}]"
ORD-2025-022,1,129.99,"[{""product"":""Microphone"",""qty"":1,""price"":129.99}]"
ORD-2025-023,2,89.99,"[{""product"":""Router"",""qty"":1,""price"":89.99}]"
ORD-2025-024,3,299.99,"[{""product"":""NAS Drive"",""qty"":1,""price"":299.99}]"
ORD-2025-025,4,59.99,"[{""product"":""HDMI Cable"",""qty"":2,""price"":29.99}]"
ORD-2025-026,5,599.00,"[{""product"":""Projector"",""qty"":1,""price"":599}]"
ORD-2025-027,1,99.99,"[{""product"":""E-Reader"",""qty"":1,""price"":99.99}]"
ORD-2025-028,2,199.99,"[{""product"":""Smart Light Strip"",""qty"":1,""price"":199.99}]"
ORD-2025-029,3,179.99,"[{""product"":""Smart Thermostat"",""qty"":1,""price"":179.99}]"
ORD-2025-030,4,29.99,"[{""product"":""Power Bank"",""qty"":1,""price"":29.99}]"
ORD-2025-031,5,449.99,"[{""product"":""Gaming Console"",""qty"":1,""price"":449.99}]"
ORD-2025-032,1,199.99,"[{""product"":""VR Headset"",""qty"":1,""price"":199.99}]"
ORD-2025-033,2,69.99,"[{""product"":""Keyboard Cover"",""qty"":1,""price"":69.99}]"
ORD-2025-034,3,89.99,"[{""product"":""Laptop Bag"",""qty"":1,""price"":89.99}]"
ORD-2025-035,4,129.99,"[{""product"":""Docking Station"",""qty"":1,""price"":129.99}]"
ORD-2025-036,5,99.99,"[{""product"":""Network Switch"",""qty"":1,""price"":99.99}]"
ORD-2025-037,1,399.99,"[{""product"":""High-End Monitor"",""qty"":1,""price"":399.99}]"
ORD-2025-038,2,149.99,"[{""product"":""Mechanical Keyboard"",""qty"":1,""price"":149.99}]"
ORD-2025-039,3,299.99,"[{""product"":""Graphics Card"",""qty"":1,""price"":299.99}]"
ORD-2025-040,4,59.99,"[{""product"":""Cooling Pad"",""qty"":1,""price"":59.99}]"
ORD-2025-041,5,199.99,"[{""product"":""External Hard Drive"",""qty"":1,""price"":199.99}]"
ORD-2025-042,1,89.99,"[{""product"":""Webcam Mount"",""qty"":1,""price"":89.99}]"
ORD-2025-043,2,129.99,"[{""product"":""Tripod"",""qty"":1,""price"":129.99}]"
ORD-2025-044,3,79.99,"[{""product"":""SD Card"",""qty"":2,""price"":39.99}]"
ORD-2025-045,4,49.99,"[{""product"":""Memory Card Reader"",""qty"":1,""price"":49.99}]"
ORD-2025-046,5,299.99,"[{""product"":""Smart Home Hub"",""qty"":1,""price"":299.99}]"
ORD-2025-047,1,199.99,"[{""product"":""Wireless Earbuds"",""qty"":1,""price"":199.99}]"
ORD-2025-048,2,59.99,"[{""product"":""Phone Grip"",""qty"":2,""price"":29.99}]"
ORD-2025-049,3,159.99,"[{""product"":""Smart Doorbell"",""qty"":1,""price"":159.99}]"
ORD-2025-050,4,99.99,"[{""product"":""Security Camera"",""qty"":1,""price"":99.99}]"
ORD-2025-051,5,199.99,"[{""product"":""Smart Lock"",""qty"":1,""price"":199.99}]"
ORD-2025-052,1,299.99,"[{""product"":""Home Theater System"",""qty"":1,""price"":299.99}]"
ORD-2025-053,2,179.99,"[{""product"":""Smart Bulbs (5-pack)"",""qty"":1,""price"":179.99}]"
ORD-2025-054,3,49.99,"[{""product"":""Desk Lamp"",""qty"":1,""price"":49.99}]"
ORD-2025-055,4,199.99,"[{""product"":""Electric Standing Desk"",""qty"":1,""price"":199.99}]"
ORD-2025-056,5,89.99,"[{""product"":""Monitor Arm"",""qty"":1,""price"":89.99}]"
ORD-2025-057,1,249.99,"[{""product"":""Digital Photo Frame"",""qty"":1,""price"":249.99}]"
ORD-2025-058,2,39.99,"[{""product"":""Cable Organizer"",""qty"":1,""price"":39.99}]"
ORD-2025-059,3,129.99,"[{""product"":""Robot Lawn Mower"",""qty"":1,""price"":129.99}]"
ORD-2025-060,4,299.99,"[{""product"":""Air Purifier"",""qty"":1,""price"":299.99}]"
ORD-2025-061,5,199.99,"[{""product"":""Humidifier"",""qty"":1,""price"":199.99}]"
ORD-2025-062,1,59.99,"[{""product"":""Smart Plug"",""qty"":2,""price"":29.99}]"
ORD-2025-063,2,149.99,"[{""product"":""Baby Monitor"",""qty"":1,""price"":149.99}]"
ORD-2025-064,3,89.99,"[{""product"":""Fitness Tracker"",""qty"":1,""price"":89.99}]"
ORD-2025-065,4,199.99,"[{""product"":""Smart Scale"",""qty"":1,""price"":199.99}]"
ORD-2025-066,5,79.99,"[{""product"":""Water Purifier"",""qty"":1,""price"":79.99}]"
ORD-2025-067,1,199.99,"[{""product"":""Smart Mirror"",""qty"":1,""price"":199.99}]"
ORD-2025-068,2,99.99,"[{""product"":""Smart Fan"",""qty"":1,""price"":99.99}]"
ORD-2025-069,3,299.99,"[{""product"":""Coffee Maker"",""qty"":1,""price"":299.99}]"
ORD-2025-070,4,49.99,"[{""product"":""Blender"",""qty"":1,""price"":49.99}]"
ORD-2025-071,5,129.99,"[{""product"":""Air Fryer"",""qty"":1,""price"":129.99}]"
ORD-2025-072,1,299.99,"[{""product"":""Robot Vacuum + Mop"",""qty"":1,""price"":299.99}]"
ORD-2025-073,2,89.99,"[{""product"":""Smart Thermostat"",""qty"":1,""price"":89.99}]"
ORD-2025-074,3,199.99,"[{""product"":""Smart Security Camera"",""qty"":1,""price"":199.99}]"
ORD-2025-075,4,149.99,"[{""product"":""Smart Door Lock"",""qty"":1,""price"":149.99}]"
ORD-2025-076,5,79.99,"[{""product"":""Smart Lighting Kit"",""qty"":1,""price"":79.99}]"
ORD-2025-077,1,199.99,"[{""product"":""Wireless Charging Station"",""qty"":1,""price"":199.99}]"
ORD-2025-078,2,129.99,"[{""product"":""Portable Power Station"",""qty"":1,""price"":129.99}]"
ORD-2025-079,3,99.99,"[{""product"":""Bluetooth Receiver"",""qty"":1,""price"":99.99}]"
ORD-2025-080,4,59.99,"[{""product"":""USB Hub"",""qty"":1,""price"":59.99}]"
ORD-2025-081,5,199.99,"[{""product"":""Smart Speaker with Display"",""qty"":1,""price"":199.99}]"
ORD-2025-082,1,299.99,"[{""product"":""Gaming Chair"",""qty"":1,""price"":299.99}]"
ORD-2025-083,2,149.99,"[{""product"":""Desk Organizer"",""qty"":1,""price"":149.99}]"
ORD-2025-084,3,89.99,"[{""product"":""LED Strip Lights"",""qty"":1,""price"":89.99}]"
ORD-2025-085,4,199.99,"[{""product"":""Smart TV Stick"",""qty"":1,""price"":199.99}]"
ORD-2025-086,5,59.99,"[{""product"":""Phone Holder"",""qty"":2,""price"":29.99}]"
ORD-2025-087,1,249.99,"[{""product"":""E-Ink Tablet"",""qty"":1,""price"":249.99}]"
ORD-2025-088,2,179.99,"[{""product"":""Smart Thermostat"",""qty"":1,""price"":179.99}]"
ORD-2025-089,3,119.99,"[{""product"":""Smart Smoke Detector"",""qty"":1,""price"":119.99}]"
ORD-2025-090,4,69.99,"[{""product"":""Smart Water Sensor"",""qty"":1,""price"":69.99}]"
ORD-2025-091,5,199.99,"[{""product"":""Smart Curtain Motor"",""qty"":1,""price"":199.99}]"
ORD-2025-092,1,299.99,"[{""product"":""Smart Garage Opener"",""qty"":1,""price"":299.99}]"
ORD-2025-093,2,89.99,"[{""product"":""Smart Lock for Door"",""qty"":1,""price"":89.99}]"
ORD-2025-094,3,149.99,"[{""product"":""Smart Pet Feeder"",""qty"":1,""price"":149.99}]"
ORD-2025-095,4,99.99,"[{""product"":""Smart Plant Monitor"",""qty"":1,""price"":99.99}]"
ORD-2025-096,5,199.99,"[{""product"":""Smart Baby Monitor"",""qty"":1,""price"":199.99}]"
ORD-2025-097,1,199.99,"[{""product"":""Smart Refrigerator"",""qty"":1,""price"":199.99}]"
ORD-2025-098,2,299.99,"[{""product"":""Smart Washing Machine"",""qty"":1,""price"":299.99}]"
ORD-2025-099,3,199.99,"[{""product"":""Smart Dryer"",""qty"":1,""price"":199.99}]"
ORD-2025-100,4,49.99,"[{""product"":""Smart Iron"",""qty"":1,""price"":49.99}]"
ORD-2025-101,5,99.99,"[{""product"":""Smart Vacuum Robot"",""qty"":1,""price"":99.99}]"
ORD-2025-102,1,149.99,"[{""product"":""Smart Air Conditioner"",""qty"":1,""price"":149.99}]"
ORD-2025-103,2,199.99,"[{""product"":""Smart Humidifier"",""qty"":1,""price"":199.99}]"
ORD-2025-104,3,299.99,"[{""product"":""Smart Oven"",""qty"":1,""price"":299.99}]"
ORD-2025-105,4,129.99,"[{""product"":""Smart Coffee Machine"",""qty"":1,""price"":129.99}]"
ORD-2025-106,5,89.99,"[{""product"":""Smart Kettle"",""qty"":1,""price"":89.99}]"
ORD-2025-107,1,199.99,"[{""product"":""Smart Water Heater"",""qty"":1,""price"":199.99}]"
ORD-2025-108,2,99.99,"[{""product"":""Smart Fan"",""qty"":1,""price"":99.99}]"
ORD-2025-109,3,199.99,"[{""product"":""Smart Light Bulb (Pack of 5)"",""qty"":1,""price"":199.99}]"
ORD-2025-110,4,59.99,"[{""product"":""Smart Socket"",""qty"":2,""price"":29.99}]"
ORD-2025-111,5,149.99,"[{""product"":""Smart Mirror"",""qty"":1,""price"":149.99}]"
ORD-2025-112,1,199.99,"[{""product"":""Smart Shower System"",""qty"":1,""price"":199.99}]"
ORD-2025-113,2,129.99,"[{""product"":""Smart Toilet Seat"",""qty"":1,""price"":129.99}]"
ORD-2025-114,3,99.99,"[{""product"":""Smart Bath Mat"",""qty"":1,""price"":99.99}]"
ORD-2025-115,4,179.99,"[{""product"":""Smart Weight Scale"",""qty"":1,""price"":179.99}]"
ORD-2025-116,5,249.99,"[{""product"":""Smart Sleep Tracker"",""qty"":1,""price"":249.99}]"
ORD-2025-117,1,199.99,"[{""product"":""Smart Bed"",""qty"":1,""price"":199.99}]"
ORD-2025-118,2,149.99,"[{""product"":""Smart Alarm Clock"",""qty"":1,""price"":149.99}]"
ORD-2025-119,3,89.99,"[{""product"":""Smart Night Light"",""qty"":1,""price"":89.99}]"
ORD-2025-120,4,59.99,"[{""product"":""Smart Curtain"",""qty"":1,""price"":59.99}]"
ORD-2025-121,5,199.99,"[{""product"":""Smart Doorbell Camera"",""qty"":1,""price"":199.99}]"
ORD-2025-122,1,129.99,"[{""product"":""Smart Lock"",""qty"":1,""price"":129.99}]"
ORD-2025-123,2,179.99,"[{""product"":""Smart Garage Door Opener"",""qty"":1,""price"":179.99}]"
ORD-2025-124,3,99.99,"[{""product"":""Smart Window Sensor"",""qty"":1,""price"":99.99}]"
ORD-2025-125,4,79.99,"[{""product"":""Smart Motion Sensor"",""qty"":1,""price"":79.99}]"
ORD-2025-126,5,199.99,"[{""product"":""Smart Security System"",""qty"":1,""price"":199.99}]"
ORD-2025-127,1,299.99,"[{""product"":""Smart Home Hub"",""qty"":1,""price"":299.99}]"
ORD-2025-128,2,149.99,"[{""product"":""Smart Thermostat"",""qty"":1,""price"":149.99}]"
ORD-2025-129,3,199.99,"[{""product"":""Smart Lighting Controller"",""qty"":1,""price"":199.99}]"
ORD-2025-130,4,89.99,"[{""product"":""Smart Plug"",""qty"":1,""price"":89.99}]"
ORD-2025-131,5,129.99,"[{""product"":""Smart Camera"",""qty"":1,""price"":129.99}]"
ORD-2025-132,1,199.99,"[{""product"":""Smart Door Lock"",""qty"":1,""price"":199.99}]"
ORD-2025-133,2,99.99,"[{""product"":""Smart Speaker"",""qty"":1,""price"":99.99}]"
ORD-2025-134,3,149.99,"[{""product"":""Smart Display"",""qty"":1,""price"":149.99}]"
ORD-2025-135,4,199.99,"[{""product"":""Smart Vacuum"",""qty"":1,""price"":199.99}]"
ORD-2025-136,5,249.99,"[{""product"":""Smart Robotic Mower"",""qty"":1,""price"":249.99}]"
ORD-2025-137,1,199.99,"[{""product"":""Smart Pool Cleaner"",""qty"":1,""price"":199.99}]"
ORD-2025-138,2,179.99,"[{""product"":""Smart Irrigation System"",""qty"":1,""price"":179.99}]"
ORD-2025-139,3,129.99,"[{""product"":""Smart Weather Station"",""qty"":1,""price"":129.99}]"
ORD-2025-140,4,99.99,"[{""product"":""Smart Door Sensor"",""qty"":1,""price"":99.99}]"
ORD-2025-141,5,149.99,"[{""product"":""Smart Leak Detector"",""qty"":1,""price"":149.99}]"
ORD-2025-142,1,199.99,"[{""product"":""Smart Fire Alarm"",""qty"":1,""price"":199.99}]"
ORD-2025-143,2,299.99,"[{""product"":""Smart Security Panel"",""qty"":1,""price"":299.99}]"
ORD-2025-144,3,89.99,"[{""product"":""Smart Keypad"",""qty"":1,""price"":89.99}]"
ORD-2025-145,4,129.99,"[{""product"":""Smart Range Hood"",""qty"":1,""price"":129.99}]"
ORD-2025-146,5,199.99,"[{""product"":""Smart Cooktop"",""qty"":1,""price"":199.99}]"
ORD-2025-147,1,149.99,"[{""product"":""Smart Oven"",""qty"":1,""price"":149.99}]"
ORD-2025-148,2,99.99,"[{""product"":""Smart Microwave"",""qty"":1,""price"":99.99}]"
ORD-2025-149,3,179.99,"[{""product"":""Smart Fridge"",""qty"":1,""price"":179.99}]"
ORD-2025-150,4,199.99,"[{""product"":""Smart Dishwasher"",""qty"":1,""price"":199.99}]"
ORD-2025-151,5,129.99,"[{""product"":""Smart Washer"",""qty"":1,""price"":129.99}]"
ORD-2025-152,1,199.99,"[{""product"":""Smart Dryer"",""qty"":1,""price"":199.99}]"
ORD-2025-153,2,149.99,"[{""product"":""Smart Ironing Board"",""qty"":1,""price"":149.99}]"
ORD-2025-154,3,89.99,"[{""product"":""Smart Laundry Basket"",""qty"":1,""price"":89.99}]"
ORD-2025-155,4,199.99,"[{""product"":""Smart Clothes Hanger"",""qty"":1,""price"":199.99}]"
ORD-2025-156,5,129.99,"[{""product"":""Smart Shoe Rack"",""qty"":1,""price"":129.99}]"
ORD-2025-157,1,99.99,"[{""product"":""Smart Closet Light"",""qty"":1,""price"":99.99}]"
ORD-2025-158,2,199.99,"[{""product"":""Smart Mirror"",""qty"":1,""price"":199.99}]"
ORD-2025-159,3,149.99,"[{""product"":""Smart Bathroom Scale"",""qty"":1,""price"":149.99}]"
ORD-2025-160,4,89.99,"[{""product"":""Smart Toothbrush"",""qty"":1,""price"":89.99}]"
ORD-2025-161,5,199.99,"[{""product"":""Smart Hair Dryer"",""qty"":1,""price"":199.99}]"
ORD-2025-162,1,129.99,"[{""product"":""Smart Shaver"",""qty"":1,""price"":129.99}]"
ORD-2025-163,2,99.99,"[{""product"":""Smart Makeup Mirror"",""qty"":1,""price"":99.99}]"
ORD-2025-164,3,179.99,"[{""product"":""Smart Skin Analyzer"",""qty"":1,""price"":179.99}]"
ORD-2025-165,4,199.99,"[{""product"":""Smart Massage Chair"",""qty"":1,""price"":199.99}]"
ORD-2025-166,5,149.99,"[{""product"":""Smart Fitness Bike"",""qty"":1,""price"":149.99}]"
ORD-2025-167,1,199.99,"[{""product"":""Smart Treadmill"",""qty"":1,""price"":199.99}]"
ORD-2025-168,2,129.99,"[{""product"":""Smart Rowing Machine"",""qty"":1,""price"":129.99}]"
ORD-2025-169,3,99.99,"[{""product"":""Smart Yoga Mat"",""qty"":1,""price"":99.99}]"
ORD-2025-170,4,179.99,"[{""product"":""Smart Weight Set"",""qty"":1,""price"":179.99}]"
ORD-2025-171,5,199.99,"[{""product"":""Smart Resistance Band"",""qty"":1,""price"":199.99}]"
ORD-2025-172,1,149.99,"[{""product"":""Smart Water Bottle"",""qty"":1,""price"":149.99}]"
ORD-2025-173,2,89.99,"[{""product"":""Smart Sleep Mask"",""qty"":1,""price"":89.99}]"
ORD-2025-174,3,129.99,"[{""product"":""Smart Pillow"",""qty"":1,""price"":129.99}]"
ORD-2025-175,4,199.99,"[{""product"":""Smart Mattress"",""qty"":1,""price"":199.99}]"
ORD-2025-176,5,149.99,"[{""product"":""Smart Bed Sheet"",""qty"":1,""price"":149.99}]"
ORD-2025-177,1,99.99,"[{""product"":""Smart Blanket"",""qty"":1,""price"":99.99}]"
ORD-2025-178,2,199.99,"[{""product"":""Smart Heating Pad"",""qty"":1,""price"":199.99}]"
ORD-2025-179,3,129.99,"[{""product"":""Smart Cooling Vest"",""qty"":1,""price"":129.99}]"
ORD-2025-180,4,89.99,"[{""product"":""Smart Hat"",""qty"":1,""price"":89.99}]"
ORD-2025-181,5,199.99,"[{""product"":""Smart Jacket"",""qty"":1,""price"":199.99}]"
ORD-2025-182,1,149.99,"[{""product"":""Smart Shoes"",""qty"":1,""price"":149.99}]"
ORD-2025-183,2,99.99,"[{""product"":""Smart Socks"",""qty"":1,""price"":99.99}]"
ORD-2025-184,3,179.99,"[{""product"":""Smart Watch"",""qty"":1,""price"":179.99}]"
ORD-2025-185,4,199.99,"[{""product"":""Smart Ring"",""qty"":1,""price"":199.99}]"
ORD-2025-186,5,129.99,"[{""product"":""Smart Glasses"",""qty"":1,""price"":129.99}]"
ORD-2025-187,1,199.99,"[{""product"":""Smart Necklace"",""qty"":1,""price"":199.99}]"
ORD-2025-188,2,149.99,"[{""product"":""Smart Bracelet"",""qty"":1,""price"":149.99}]"
ORD-2025-189,3,99.99,"[{""product"":""Smart Keychain"",""qty"":1,""price"":99.99}]"
ORD-2025-190,4,179.99,"[{""product"":""Smart Backpack"",""qty"":1,""price"":179.99}]"
ORD-2025-191,5,199.99,"[{""product"":""Smart Wallet"",""qty"":1,""price"":199.99}]"
ORD-2025-192,1,129.99,"[{""product"":""Smart Luggage"",""qty"":1,""price"":129.99}]"
ORD-2025-193,2,89.99,"[{""product"":""Smart Suitcase"",""qty"":1,""price"":89.99}]"
ORD-2025-194,3,199.99,"[{""product"":""Smart Travel Charger"",""qty"":1,""price"":199.99}]"
ORD-2025-195,4,149.99,"[{""product"":""Smart Passport Holder"",""qty"":1,""price"":149.99}]"
ORD-2025-196,5,99.99,"[{""product"":""Smart Travel Pillow"",""qty"":1,""price"":99.99}]"
ORD-2025-197,1,179.99,"[{""product"":""Smart Eye Mask"",""qty"":1,""price"":179.99}]"
ORD-2025-198,2,199.99,"[{""product"":""Smart Travel Mug"",""qty"":1,""price"":199.99}]"
ORD-2025-199,3,129.99,"[{""product"":""Smart Water Bottle"",""qty"":1,""price"":129.99}]"
ORD-2025-200,4,89.99,"[{""product"":""Smart Snack Box"",""qty"":1,""price"":89.99}]"
ORD-2025-201,5,199.99,"[{""product"":""Smart Cooler"",""qty"":1,""price"":199.99}]"
ORD-2025-202,1,149.99,"[{""product"":""Smart Lunch Box"",""qty"":1,""price"":149.99}]"
ORD-2025-203,2,99.99,"[{""product"":""Smart Insulated Bag"",""qty"":1,""price"":99.99}]"
ORD-2025-204,3,179.99,"[{""product"":""Smart Umbrella"",""qty"":1,""price"":179.99}]"
ORD-2025-205,4,199.99,"[{""product"":""Smart Raincoat"",""qty"":1,""price"":199.99}]"
ORD-2025-206,5,129.99,"[{""product"":""Smart Boots"",""qty"":1,""price"":129.99}]"
ORD-2025-207,1,89.99,"[{""product"":""Smart Gloves"",""qty"":1,""price"":89.99}]"
ORD-2025-208,2,199.99,"[{""product"":""Smart Scarf"",""qty"":1,""price"":199.99}]"
ORD-2025-209,3,149.99,"[{""product"":""Smart Hat"",""qty"":1,""price"":149.99}]"
ORD-2025-210,4,99.99,"[{""product"":""Smart Sunglasses"",""qty"":1,""price"":99.99}]"
ORD-2025-211,5,179.99,"[{""product"":""Smart Jacket"",""qty"":1,""price"":179.99}]"
ORD-2025-212,1,199.99,"[{""product"":""Smart Winter Coat"",""qty"":1,""price"":199.99}]"
ORD-2025-213,2,129.99,"[{""product"":""Smart Ski Goggles"",""qty"":1,""price"":129.99}]"
ORD-2025-214,3,89.99,"[{""product"":""Smart Snow Boots"",""qty"":1,""price"":89.99}]"
ORD-2025-215,4,199.99,"[{""product"":""Smart Heated Gloves"",""qty"":1,""price"":199.99}]"
ORD-2025-216,5,149.99,"[{""product"":""Smart Thermal Socks"",""qty"":1,""price"":149.99}]"
ORD-2025-217,1,99.99,"[{""product"":""Smart Face Mask"",""qty"":1,""price"":99.99}]"
ORD-2025-218,2,179.99,"[{""product"":""Smart Air Purifier Mask"",""qty"":1,""price"":179.99}]"
ORD-2025-219,3,199.99,"[{""product"":""Smart UV Sanitizer"",""qty"":1,""price"":199.99}]"
ORD-2025-220,4,129.99,"[{""product"":""Smart Water Filter Straw"",""qty"":1,""price"":129.99}]"
ORD-2025-221,5,89.99,"[{""product"":""Smart First Aid Kit"",""qty"":1,""price"":89.99}]"
ORD-2025-222,1,199.99,"[{""product"":""Smart Emergency Beacon"",""qty"":1,""price"":199.99}]"
ORD-2025-223,2,149.99,"[{""product"":""Smart GPS Tracker"",""qty"":1,""price"":149.99}]"
ORD-2025-224,3,99.99,"[{""product"":""Smart Dog Collar"",""qty"":1,""price"":99.99}]"
ORD-2025-225,4,179.99,"[{""product"":""Smart Cat Feeder"",""qty"":1,""price"":179.99}]"
ORD-2025-226,5,199.99,"[{""product"":""Smart Fish Tank"",""qty"":1,""price"":199.99}]"
ORD-2025-227,1,129.99,"[{""product"":""Smart Bird Feeder"",""qty"":1,""price"":129.99}]"
ORD-2025-228,2,89.99,"[{""product"":""Smart Plant Monitor"",""qty"":1,""price"":89.99}]"
ORD-2025-229,3,199.99,"[{""product"":""Smart Garden Sprinkler"",""qty"":1,""price"":199.99}]"
ORD-2025-230,4,149.99,"[{""product"":""Smart Greenhouse"",""qty"":1,""price"":149.99}]"
ORD-2025-231,5,99.99,"[{""product"":""Smart Composter"",""qty"":1,""price"":99.99}]"
ORD-2025-232,1,179.99,"[{""product"":""Smart Soil Sensor"",""qty"":1,""price"":179.99}]"
ORD-2025-233,2,199.99,"[{""product"":""Smart Hydroponic Kit"",""qty"":1,""price"":199.99}]"
ORD-2025-234,3,129.99,"[{""product"":""Smart Herb Garden"",""qty"":1,""price"":129.99}]"
ORD-2025-235,4,89.99,"[{""product"":""Smart Terrarium"",""qty"":1,""price"":89.99}]"
ORD-2025-236,5,199.99,"[{""product"":""Smart Aquarium"",""qty"":1,""price"":199.99}]"
ORD-2025-237,1,149.99,"[{""product"":""Smart Turtle Tank"",""qty"":1,""price"":149.99}]"
ORD-2025-238,2,99.99,"[{""product"":""Smart Reptile Lamp"",""qty"":1,""price"":99.99}]"
ORD-2025-239,3,179.99,"[{""product"":""Smart Insect Hotel"",""qty"":1,""price"":179.99}]"
ORD-2025-240,4,199.99,"[{""product"":""Smart Bee House"",""qty"":1,""price"":199.99}]"
ORD-2025-241,5,129.99,"[{""product"":""Smart Birdhouse"",""qty"":1,""price"":129.99}]"
ORD-2025-242,1,89.99,"[{""product"":""Smart Butterfly Garden"",""qty"":1,""price"":89.99}]"
ORD-2025-243,2,199.99,"[{""product"":""Smart Wind Chime"",""qty"":1,""price"":199.99}]"
ORD-2025-244,3,149.99,"[{""product"":""Smart Solar Light"",""qty"":1,""price"":149.99}]"
ORD-2025-245,4,99.99,"[{""product"":""Smart Garden Fountain"",""qty"":1,""price"":99.99}]"
ORD-2025-246,5,179.99,"[{""product"":""Smart Patio Heater"",""qty"":1,""price"":179.99}]"
ORD-2025-247,1,199.99,"[{""product"":""Smart Outdoor Speaker"",""qty"":1,""price"":199.99}]"
ORD-2025-248,2,129.99,"[{""product"":""Smart Security Light"",""qty"":1,""price"":129.99}]"
ORD-2025-249,3,89.99,"[{""product"":""Smart Fence Sensor"",""qty"":1,""price"":89.99}]"
ORD-2025-250,4,199.99,"[{""product"":""Smart Gate Opener"",""qty"":1,""price"":199.99}]"
ORD-2025-251,5,149.99,"[{""product"":""Smart Garage Light"",""qty"":1,""price"":149.99}]"
ORD-2025-252,1,99.99,"[{""product"":""Smart Shed Lock"",""qty"":1,""price"":99.99}]"
ORD-2025-253,2,179.99,"[{""product"":""Smart Tool Shed"",""qty"":1,""price"":179.99}]"
ORD-2025-254,3,199.99,"[{""product"":""Smart Lawn Mower"",""qty"":1,""price"":199.99}]"
ORD-2025-255,4,129.99,"[{""product"":""Smart Trimmer"",""qty"":1,""price"":129.99}]"
ORD-2025-256,5,89.99,"[{""product"":""Smart Hedge Clipper"",""qty"":1,""price"":89.99}]"
ORD-2025-257,1,199.99,"[{""product"":""Smart Leaf Blower"",""qty"":1,""price"":199.99}]"
ORD-2025-258,2,149.99,"[{""product"":""Smart Pressure Washer"",""qty"":1,""price"":149.99}]"
ORD-2025-259,3,99.99,"[{""product"":""Smart Water Pump"",""qty"":1,""price"":99.99}]"
ORD-2025-260,4,179.99,"[{""product"":""Smart Pool Cleaner"",""qty"":1,""price"":179.99}]"
ORD-2025-261,5,199.99,"[{""product"":""Smart Spa Heater"",""qty"":1,""price"":199.99}]"
ORD-2025-262,1,129.99,"[{""product"":""Smart Hot Tub"",""qty"":1,""price"":129.99}]"
ORD-2025-263,2,89.99,"[{""product"":""Smart Sauna"",""qty"":1,""price"":89.99}]"
ORD-2025-264,3,199.99,"[{""product"":""Smart Steam Room"",""qty"":1,""price"":199.99}]"
ORD-2025-265,4,149.99,"[{""product"":""Smart Jacuzzi"",""qty"":1,""price"":149.99}]"
ORD-2025-266,5,99.99,"[{""product"":""Smart Showerhead"",""qty"":1,""price"":99.99}]"
ORD-2025-267,1,179.99,"[{""product"":""Smart Bathtub"",""qty"":1,""price"":179.99}]"
ORD-2025-268,2,199.99,"[{""product"":""Smart Toilet"",""qty"":1,""price"":199.99}]"
ORD-2025-269,3,129.99,"[{""product"":""Smart Sink"",""qty"":1,""price"":129.99}]"
ORD-2025-270,4,89.99,"[{""product"":""Smart Faucet"",""qty"":1,""price"":89.99}]"
ORD-2025-271,5,199.99,"[{""product"":""Smart Mirror"",""qty"":1,""price"":199.99}]"
ORD-2025-272,1,149.99,"[{""product"":""Smart Medicine Cabinet"",""qty"":1,""price"":149.99}]"
ORD-2025-273,2,99.99,"[{""product"":""Smart Towel Warmer"",""qty"":1,""price"":99.99}]"
ORD-2025-274,3,179.99,"[{""product"":""Smart Hair Dryer"",""qty"":1,""price"":179.99}]"
ORD-2025-275,4,199.99,"[{""product"":""Smart Electric Razor"",""qty"":1,""price"":199.99}]"
ORD-2025-276,5,129.99,"[{""product"":""Smart Toothbrush"",""qty"":1,""price"":129.99}]"
ORD-2025-277,1,89.99,"[{""product"":""Smart Deodorant Dispenser"",""qty"":1,""price"":89.99}]"
ORD-2025-278,2,199.99,"[{""product"":""Smart Soap Dispenser"",""qty"":1,""price"":199.99}]"
ORD-2025-279,3,149.99,"[{""product"":""Smart Hand Dryer"",""qty"":1,""price"":149.99}]"
ORD-2025-280,4,99.99,"[{""product"":""Smart Air Freshener"",""qty"":1,""price"":99.99}]"
ORD-2025-281,5,179.99,"[{""product"":""Smart Trash Can"",""qty"":1,""price"":179.99}]"
ORD-2025-282,1,199.99,"[{""product"":""Smart Laundry Hamper"",""qty"":1,""price"":199.99}]"
ORD-2025-283,2,129.99,"[{""product"":""Smart Wardrobe"",""qty"":1,""price"":129.99}]"
ORD-2025-284,3,89.99,"[{""product"":""Smart Closet Light"",""qty"":1,""price"":89.99}]"
ORD-2025-285,4,199.99,"[{""product"":""Smart Dresser"",""qty"":1,""price"":199.99}]"
ORD-2025-286,5,149.99,"[{""product"":""Smart Nightstand"",""qty"":1,""price"":149.99}]"
ORD-2025-287,1,99.99,"[{""product"":""Smart Bedside Lamp"",""qty"":1,""price"":99.99}]"
ORD-2025-288,2,179.99,"[{""product"":""Smart Mattress"",""qty"":1,""price"":179.99}]"
ORD-2025-289,3,199.99,"[{""product"":""Smart Pillow"",""qty"":1,""price"":199.99}]"
ORD-2025-290,4,129.99,"[{""product"":""Smart Blanket"",""qty"":1,""price"":129.99}]"
ORD-2025-291,5,89.99,"[{""product"":""Smart Sheet Set"",""qty"":1,""price"":89.99}]"
ORD-2025-292,1,199.99,"[{""product"":""Smart Duvet Cover"",""qty"":1,""price"":199.99}]"
ORD-2025-293,2,149.99,"[{""product"":""Smart Curtains"",""qty"":1,""price"":149.99}]"
ORD-2025-294,3,99.99,"[{""product"":""Smart Blind"",""qty"":1,""price"":99.99}]"
ORD-2025-295,4,179.99,"[{""product"":""Smart Window Film"",""qty"":1,""price"":179.99}]"
ORD-2025-296,5,199.99,"[{""product"":""Smart Door Mat"",""qty"":1,""price"":199.99}]"
ORD-2025-297,1,129.99,"[{""product"":""Smart Rug"",""qty"":1,""price"":129.99}]"
ORD-2025-298,2,89.99,"[{""product"":""Smart Floor Lamp"",""qty"":1,""price"":89.99}]"
ORD-2025-299,3,199.99,"[{""product"":""Smart Ceiling Light"",""qty"":1,""price"":199.99}]"
ORD-2025-300,4,149.99,"[{""product"":""Smart Wall Art"",""qty"":1,""price"":149.99}]"
ORD-2025-301,5,99.99,"[{""product"":""Smart Picture Frame"",""qty"":1,""price"":99.99}]"
ORD-2025-302,1,179.99,"[{""product"":""Smart TV"",""qty"":1,""price"":179.99}]"
ORD-2025-303,2,199.99,"[{""product"":""Smart Soundbar"",""qty"":1,""price"":199.99}]"
ORD-2025-304,3,129.99,"[{""product"":""Smart Streaming Box"",""qty"":1,""price"":129.99}]"
ORD-2025-305,4,89.99,"[{""product"":""Smart Remote"",""qty"":1,""price"":89.99}]"
ORD-2025-306,5,199.99,"[{""product"":""Smart Gaming Console"",""qty"":1,""price"":199.99}]"
ORD-2025-307,1,149.99,"[{""product"":""Smart VR Headset"",""qty"":1,""price"":149.99}]"
ORD-2025-308,2,99.99,"[{""product"":""Smart Controller"",""qty"":1,""price"":99.99}]"
ORD-2025-309,3,179.99,"[{""product"":""Smart Gaming Chair"",""qty"":1,""price"":179.99}]"
ORD-2025-310,4,199.99,"[{""product"":""Smart RGB Lighting"",""qty"":1,""price"":199.99}]"
ORD-2025-311,5,129.99,"[{""product"":""Smart Webcam"",""qty"":1,""price"":129.99}]"
ORD-2025-312,1,89.99,"[{""product"":""Smart Microphone"",""qty"":1,""price"":89.99}]"
ORD-2025-313,2,199.99,"[{""product"":""Smart Studio Light"",""qty"":1,""price"":199.99}]"
ORD-2025-314,3,149.99,"[{""product"":""Smart Tripod"",""qty"":1,""price"":149.99}]"
ORD-2025-315,4,99.99,"[{""product"":""Smart Phone Gimbal"",""qty"":1,""price"":99.99}]"
ORD-2025-316,5,179.99,"[{""product"":""Smart Drone"",""qty"":1,""price"":179.99}]"
ORD-2025-317,1,199.99,"[{""product"":""Smart Camera"",""qty"":1,""price"":199.99}]"
ORD-2025-318,2,129.99,"[{""product"":""Smart Lens"",""qty"":1,""price"":129.99}]"
ORD-2025-319,3,89.99,"[{""product"":""Smart Memory Card"",""qty"":1,""price"":89.99}]"
ORD-2025-320,4,199.99,"[{""product"":""Smart External Drive"",""qty"":1,""price"":199.99}]"
ORD-2025-321,5,149.99,"[{""product"":""Smart Backup Battery"",""qty"":1,""price"":149.99}]"
ORD-2025-322,1,99.99,"[{""product"":""Smart USB Hub"",""qty"":1,""price"":99.99}]"
ORD-2025-323,2,179.99,"[{""product"":""Smart Docking Station"",""qty"":1,""price"":179.99}]"
ORD-2025-324,3,199.99,"[{""product"":""Smart HDMI Cable"",""qty"":1,""price"":199.99}]"
ORD-2025-325,4,129.99,"[{""product"":""Smart Ethernet Adapter"",""qty"":1,""price"":129.99}]"
ORD-2025-326,5,89.99,"[{""product"":""Smart Power Strip"",""qty"":1,""price"":89.99}]"
ORD-2025-327,1,199.99,"[{""product"":""Smart Surge Protector"",""qty"":1,""price"":199.99}]"
ORD-2025-328,2,149.99,"[{""product"":""Smart Wi-Fi Extender"",""qty"":1,""price"":149.99}]"
ORD-2025-329,3,99.99,"[{""product"":""Smart Router"",""qty"":1,""price"":99.99}]"
ORD-2025-330,4,179.99,"[{""product"":""Smart Mesh Network"",""qty"":1,""price"":179.99}]"
ORD-2025-331,5,199.99,"[{""product"":""Smart Firewall"",""qty"":1,""price"":199.99}]"
ORD-2025-332,1,129.99,"[{""product"":""Smart NAS"",""qty"":1,""price"":129.99}]"
ORD-2025-333,2,89.99,"[{""product"":""Smart Printer"",""qty"":1,""price"":89.99}]"
ORD-2025-334,3,199.99,"[{""product"":""Smart Scanner"",""qty"":1,""price"":199.99}]"
ORD-2025-335,4,149.99,"[{""product"":""Smart Copier"",""qty"":1,""price"":149.99}]"
ORD-2025-336,5,99.99,"[{""product"":""Smart Fax Machine"",""qty"":1,""price"":99.99}]"
ORD-2025-337,1,179.99,"[{""product"":""Smart Projector"",""qty"":1,""price"":179.99}]"
ORD-2025-338,2,199.99,"[{""product"":""Smart Screen"",""qty"":1,""price"":199.99}]"
ORD-2025-339,3,129.99,"[{""product"":""Smart Whiteboard"",""qty"":1,""price"":129.99}]"
ORD-2025-340,4,89.99,"[{""product"":""Smart Marker"",""qty"":1,""price"":89.99}]"
ORD-2025-341,5,199.99,"[{""product"":""Smart Pen"",""qty"":1,""price"":199.99}]"
ORD-2025-342,1,149.99,"[{""product"":""Smart Notebook"",""qty"":1,""price"":149.99}]"
ORD-2025-343,2,99.99,"[{""product"":""Smart Planner"",""qty"":1,""price"":99.99}]"
ORD-2025-344,3,179.99,"[{""product"":""Smart Calendar"",""qty"":1,""price"":179.99}]"
ORD-2025-345,4,199.99,"[{""product"":""Smart Desk"",""qty"":1,""price"":199.99}]"
ORD-2025-346,5,129.99,"[{""product"":""Smart Chair"",""qty"":1,""price"":129.99}]"
ORD-2025-347,1,89.99,"[{""product"":""Smart Lamp"",""qty"":1,""price"":89.99}]"
ORD-2025-348,2,199.99,"[{""product"":""Smart Bookshelf"",""qty"":1,""price"":199.99}]"
ORD-2025-349,3,149.99,"[{""product"":""Smart Cabinet"",""qty"":1,""price"":149.99}]"
ORD-2025-350,4,99.99,"[{""product"":""Smart Drawer"",""qty"":1,""price"":99.99}]"
ORD-2025-351,5,179.99,"[{""product"":""Smart Safe"",""qty"":1,""price"":179.99}]"
ORD-2025-352,1,199.99,"[{""product"":""Smart Lockbox"",""qty"":1,""price"":199.99}]"
ORD-2025-353,2,129.99,"[{""product"":""Smart Key Holder"",""qty"":1,""price"":129.99}]"
ORD-2025-354,3,89.99,"[{""product"":""Smart Mailbox"",""qty"":1,""price"":89.99}]"
ORD-2025-355,4,199.99,"[{""product"":""Smart Garbage Bin"",""qty"":1,""price"":199.99}]"
ORD-2025-356,5,149.99,"[{""product"":""Smart Recycling Bin"",""qty"":1,""price"":149.99}]"
ORD-2025-357,1,99.99,"[{""product"":""Smart Dustbin"",""qty"":1,""price"":99.99}]"
ORD-2025-358,2,179.99,"[{""product"":""Smart Vacuum"",""qty"":1,""price"":179.99}]"
ORD-2025-359,3,199.99,"[{""product"":""Smart Mop"",""qty"":1,""price"":199.99}]"
ORD-2025-360,4,129.99,"[{""product"":""Smart Broom"",""qty"":1,""price"":129.99}]"
ORD-2025-361,5,89.99,"[{""product"":""Smart Dustpan"",""qty"":1,""price"":89.99}]"
ORD-2025-362,1,199.99,"[{""product"":""Smart Cleaning Robot"",""qty"":1,""price"":199.99}]"
ORD-2025-363,2,149.99,"[{""product"":""Smart Window Cleaner"",""qty"":1,""price"":149.99}]"
ORD-2025-364,3,99.99,"[{""product"":""Smart Carpet Cleaner"",""qty"":1,""price"":99.99}]"
ORD-2025-365,4,179.99,"[{""product"":""Smart Upholstery Cleaner"",""qty"":1,""price"":179.99}]"
ORD-2025-366,5,199.99,"[{""product"":""Smart Laundry Robot"",""qty"":1,""price"":199.99}]"
ORD-2025-367,1,129.99,"[{""product"":""Smart Iron"",""qty"":1,""price"":129.99}]"
ORD-2025-368,2,89.99,"[{""product"":""Smart Folding Board"",""qty"":1,""price"":89.99}]"
ORD-2025-369,3,199.99,"[{""product"":""Smart Laundry Basket"",""qty"":1,""price"":199.99}]"
ORD-2025-370,4,149.99,"[{""product"":""Smart Drying Rack"",""qty"":1,""price"":149.99}]"
ORD-2025-371,5,99.99,"[{""product"":""Smart Clothes Hanger"",""qty"":1,""price"":99.99}]"
ORD-2025-372,1,179.99,"[{""product"":""Smart Wardrobe"",""qty"":1,""price"":179.99}]"
ORD-2025-373,2,199.99,"[{""product"":""Smart Closet"",""qty"":1,""price"":199.99}]"
ORD-2025-374,3,129.99,"[{""product"":""Smart Shoe Rack"",""qty"":1,""price"":129.99}]"
ORD-2025-375,4,89.99,"[{""product"":""Smart Jewelry Box"",""qty"":1,""price"":89.99}]"
ORD-2025-376,5,199.99,"[{""product"":""Smart Vanity"",""qty"":1,""price"":199.99}]"
ORD-2025-377,1,149.99,"[{""product"":""Smart Mirror"",""qty"":1,""price"":149.99}]"
ORD-2025-378,2,99.99,"[{""product"":""Smart Makeup Organizer"",""qty"":1,""price"":99.99}]"
ORD-2025-379,3,179.99,"[{""product"":""Smart Perfume Dispenser"",""qty"":1,""price"":179.99}]"
ORD-2025-380,4,199.99,"[{""product"":""Smart Hair Dryer"",""qty"":1,""price"":199.99}]"
ORD-2025-381,5,129.99,"[{""product"":""Smart Curling Iron"",""qty"":1,""price"":129.99}]"
ORD-2025-382,1,89.99,"[{""product"":""Smart Straightener"",""qty"":1,""price"":89.99}]"
ORD-2025-383,2,199.99,"[{""product"":""Smart Razor"",""qty"":1,""price"":199.99}]"
ORD-2025-384,3,149.99,"[{""product"":""Smart Electric Toothbrush"",""qty"":1,""price"":149.99}]"
ORD-2025-385,4,99.99,"[{""product"":""Smart Flosser"",""qty"":1,""price"":99.99}]"
ORD-2025-386,5,179.99,"[{""product"":""Smart Mouthwash Dispenser"",""qty"":1,""price"":179.99}]"
ORD-2025-387,1,199.99,"[{""product"":""Smart Shaving Cream Dispenser"",""qty"":1,""price"":199.99}]"
ORD-2025-388,2,129.99,"[{""product"":""Smart Body Wash Dispenser"",""qty"":1,""price"":129.99}]"
ORD-2025-389,3,89.99,"[{""product"":""Smart Soap Dispenser"",""qty"":1,""price"":89.99}]"
ORD-2025-390,4,199.99,"[{""product"":""Smart Toothpaste Dispenser"",""qty"":1,""price"":199.99}]"
ORD-2025-391,5,149.99,"[{""product"":""Smart Deodorant Dispenser"",""qty"":1,""price"":149.99}]"
ORD-2025-392,1,99.99,"[{""product"":""Smart Nail Polish Holder"",""qty"":1,""price"":99.99}]"
ORD-2025-393,2,179.99,"[{""product"":""Smart Makeup Brush Cleaner"",""qty"":1,""price"":179.99}]"
ORD-2025-394,3,199.99,"[{""product"":""Smart Skincare Device"",""qty"":1,""price"":199.99}]"
ORD-2025-395,4,129.99,"[{""product"":""Smart Facial Cleanser"",""qty"":1,""price"":129.99}]"
ORD-2025-396,5,89.99,"[{""product"":""Smart Moisturizer Dispenser"",""qty"":1,""price"":89.99}]"
ORD-2025-397,1,199.99,"[{""product"":""Smart Sunscreen Dispenser"",""qty"":1,""price"":199.99}]"
ORD-2025-398,2,149.99,"[{""product"":""Smart Aromatherapy Diffuser"",""qty"":1,""price"":149.99}]"
ORD-2025-399,3,99.99,"[{""product"":""Smart Humidifier"",""qty"":1,""price"":99.99}]"
ORD-2025-400,4,179.99,"[{""product"":""Smart Air Purifier"",""qty"":1,""price"":179.99}]"
ORD-2025-401,5,199.99,"[{""product"":""Smart Dehumidifier"",""qty"":1,""price"":199.99}]"
ORD-2025-402,1,129.99,"[{""product"":""Smart Fan"",""qty"":1,""price"":129.99}]"
ORD-2025-403,2,89.99,"[{""product"":""Smart Heater"",""qty"":1,""price"":89.99}]"
ORD-2025-404,3,199.99,"[{""product"":""Smart Thermostat"",""qty"":1,""price"":199.99}]"
ORD-2025-405,4,149.99,"[{""product"":""Smart Smoke Detector"",""qty"":1,""price"":149.99}]"
ORD-2025-406,5,99.99,"[{""product"":""Smart Carbon Monoxide Detector"",""qty"":1,""price"":99.99}]"
ORD-2025-407,1,179.99,"[{""product"":""Smart Water Leak Detector"",""qty"":1,""price"":179.99}]"
ORD-2025-408,2,199.99,"[{""product"":""Smart Door Sensor"",""qty"":1,""price"":199.99}]"
ORD-2025-409,3,129.99,"[{""product"":""Smart Window Sensor"",""qty"":1,""price"":129.99}]"
ORD-2025-410,4,89.99,"[{""product"":""Smart Motion Sensor"",""qty"":1,""price"":89.99}]"
ORD-2025-411,5,199.99,"[{""product"":""Smart Glass Break Sensor"",""qty"":1,""price"":199.99}]"
ORD-2025-412,1,149.99,"[{""product"":""Smart Contact Sensor"",""qty"":1,""price"":149.99}]"
ORD-2025-413,2,99.99,"[{""product"":""Smart Temperature Sensor"",""qty"":1,""price"":99.99}]"
ORD-2025-414,3,179.99,"[{""product"":""Smart Humidity Sensor"",""qty"":1,""price"":179.99}]"
ORD-2025-415,4,199.99,"[{""product"":""Smart Light Sensor"",""qty"":1,""price"":199.99}]"
ORD-2025-416,5,129.99,"[{""product"":""Smart Occupancy Sensor"",""qty"":1,""price"":129.99}]"
ORD-2025-417,1,89.99,"[{""product"":""Smart Noise Sensor"",""qty"":1,""price"":89.99}]"
ORD-2025-418,2,199.99,"[{""product"":""Smart Vibration Sensor"",""qty"":1,""price"":199.99}]"
ORD-2025-419,3,149.99,"[{""product"":""Smart Magnetic Sensor"",""qty"":1,""price"":149.99}]"
ORD-2025-420,4,99.99,"[{""product"":""Smart Reed Switch"",""qty"":1,""price"":99.99}]"
ORD-2025-421,5,179.99,"[{""product"":""Smart Relay"",""qty"":1,""price"":179.99}]"
ORD-2025-422,1,199.99,"[{""product"":""Smart Timer"",""qty"":1,""price"":199.99}]"
ORD-2025-423,2,129.99,"[{""product"":""Smart Switch"",""qty"":1,""price"":129.99}]"
ORD-2025-424,3,89.99,"[{""product"":""Smart Dimmer"",""qty"":1,""price"":89.99}]"
ORD-2025-425,4,199.99,"[{""product"":""Smart Outlet"",""qty"":1,""price"":199.99}]"
ORD-2025-426,5,149.99,"[{""product"":""Smart Plug"",""qty"":1,""price"":149.99}]"
ORD-2025-427,1,99.99,"[{""product"":""Smart Surge Protector"",""qty"":1,""price"":99.99}]"
ORD-2025-428,2,179.99,"[{""product"":""Smart Power Strip"",""qty"":1,""price"":179.99}]"
ORD-2025-429,3,199.99,"[{""product"":""Smart UPS"",""qty"":1,""price"":199.99}]"
ORD-2025-430,4,129.99,"[{""product"":""Smart Battery"",""qty"":1,""price"":129.99}]"
ORD-2025-431,5,89.99,"[{""product"":""Smart Solar Panel"",""qty"":1,""price"":89.99}]"
ORD-2025-432,1,199.99,"[{""product"":""Smart Generator"",""qty"":1,""price"":199.99}]"
ORD-2025-433,2,149.99,"[{""product"":""Smart Inverter"",""qty"":1,""price"":149.99}]"
ORD-2025-434,3,99.99,"[{""product"":""Smart Charger"",""qty"":1,""price"":99.99}]"
ORD-2025-435,4,179.99,"[{""product"":""Smart Fast Charger"",""qty"":1,""price"":179.99}]"
ORD-2025-436,5,199.99,"[{""product"":""Smart Wireless Charger"",""qty"":1,""price"":199.99}]"
ORD-2025-437,1,129.99,"[{""product"":""Smart Charging Pad"",""qty"":1,""price"":129.99}]"
ORD-2025-438,2,89.99,"[{""product"":""Smart Cable"",""qty"":1,""price"":89.99}]"
ORD-2025-439,3,199.99,"[{""product"":""Smart Adapter"",""qty"":1,""price"":199.99}]"
ORD-2025-440,4,149.99,"[{""product"":""Smart Converter"",""qty"":1,""price"":149.99}]"
ORD-2025-441,5,99.99,"[{""product"":""Smart Hub"",""qty"":1,""price"":99.99}]"
ORD-2025-442,1,179.99,"[{""product"":""Smart Dock"",""qty"":1,""price"":179.99}]"
ORD-2025-443,2,199.99,"[{""product"":""Smart Expansion Card"",""qty"":1,""price"":199.99}]"
ORD-2025-444,3,129.99,"[{""product"":""Smart Port"",""qty"":1,""price"":129.99}]"
ORD-2025-445,4,89.99,"[{""product"":""Smart Connector"",""qty"":1,""price"":89.99}]"
ORD-2025-446,5,199.99,"[{""product"":""Smart Interface"",""qty"":1,""price"":199.99}]"
ORD-2025-447,1,149.99,"[{""product"":""Smart Transmitter"",""qty"":1,""price"":149.99}]"
ORD-2025-448,2,99.99,"[{""product"":""Smart Receiver"",""qty"":1,""price"":99.99}]"
ORD-2025-449,3,179.99,"[{""product"":""Smart Antenna"",""qty"":1,""price"":179.99}]"
ORD-2025-450,4,199.99,"[{""product"":""Smart Amplifier"",""qty"":1,""price"":199.99}]"
ORD-2025-451,5,129.99,"[{""product"":""Smart Modem"",""qty"":1,""price"":129.99}]"
ORD-2025-452,1,89.99,"[{""product"":""Smart Router"",""qty"":1,""price"":89.99}]"
ORD-2025-453,2,199.99,"[{""product"":""Smart Bridge"",""qty"":1,""price"":199.99}]"
ORD-2025-454,3,149.99,"[{""product"":""Smart Repeater"",""qty"":1,""price"":149.99}]"
ORD-2025-455,4,99.99,"[{""product"":""Smart Access Point"",""qty"":1,""price"":99.99}]"
ORD-2025-456,5,179.99,"[{""product"":""Smart Gateway"",""qty"":1,""price"":179.99}]"
ORD-2025-457,1,199.99,"[{""product"":""Smart Switch"",""qty"":1,""price"":199.99}]"
ORD-2025-458,2,129.99,"[{""product"":""Smart Firewall"",""qty"":1,""price"":129.99}]"
ORD-2025-459,3,89.99,"[{""product"":""Smart Router"",""qty"":1,""price"":89.99}]"
ORD-2025-460,4,199.99,"[{""product"":""Smart NIC"",""qty"":1,""price"":199.99}]"
ORD-2025-461,5,149.99,"[{""product"":""Smart Hub"",""qty"":1,""price"":149.99}]"
ORD-2025-462,1,99.99,"[{""product"":""Smart Cable"",""qty"":1,""price"":99.99}]"
ORD-2025-463,2,179.99,"[{""product"":""Smart Connector"",""qty"":1,""price"":179.99}]"
ORD-2025-464,3,199.99,"[{""product"":""Smart Adapter"",""qty"":1,""price"":199.99}]"
ORD-2025-465,4,129.99,"[{""product"":""Smart Converter"",""qty"":1,""price"":129.99}]"
ORD-2025-466,5,89.99,"[{""product"":""Smart Dock"",""qty"":1,""price"":89.99}]"
ORD-2025-467,1,199.99,"[{""product"":""Smart Charger"",""qty"":1,""price"":199.99}]"
ORD-2025-468,2,149.99,"[{""product"":""Smart Battery"",""qty"":1,""price"":149.99}]"
ORD-2025-469,3,99.99,"[{""product"":""Smart Solar Panel"",""qty"":1,""price"":99.99}]"
ORD-2025-470,4,179.99,"[{""product"":""Smart Generator"",""qty"":1,""price"":179.99}]"
ORD-2025-471,5,199.99,"[{""product"":""Smart Inverter"",""qty"":1,""price"":199.99}]"
ORD-2025-472,1,129.99,"[{""product"":""Smart Charger"",""qty"":1,""price"":129.99}]"
ORD-2025-473,2,89.99,"[{""product"":""Smart Fast Charger"",""qty"":1,""price"":89.99}]"
ORD-2025-474,3,199.99,"[{""product"":""Smart Wireless Charger"",""qty"":1,""price"":199.99}]"
ORD-2025-475,4,149.99,"[{""product"":""Smart Charging Pad"",""qty"":1,""price"":149.99}]"
ORD-2025-476,5,99.99,"[{""product"":""Smart Cable"",""qty"":1,""price"":99.99}]"
ORD-2025-477,1,179.99,"[{""product"":""Smart Adapter"",""qty"":1,""price"":179.99}]"
ORD-2025-478,2,199.99,"[{""product"":""Smart Converter"",""qty"":1,""price"":199.99}]"
ORD-2025-479,3,129.99,"[{""product"":""Smart Hub"",""qty"":1,""price"":129.99}]"
ORD-2025-480,4,89.99,"[{""product"":""Smart Dock"",""qty"":1,""price"":89.99}]"
ORD-2025-481,5,199.99,"[{""product"":""Smart Expansion Card"",""qty"":1,""price"":199.99}]"
ORD-2025-482,1,149.99,"[{""product"":""Smart Port"",""qty"":1,""price"":149.99}]"
ORD-2025-483,2,99.99,"[{""product"":""Smart Connector"",""qty"":1,""price"":99.99}]"
ORD-2025-484,3,179.99,"[{""product"":""Smart Interface"",""qty"":1,""price"":179.99}]"
ORD-2025-485,4,199.99,"[{""product"":""Smart Transmitter"",""qty"":1,""price"":199.99}]"
ORD-2025-486,5,129.99,"[{""product"":""Smart Receiver"",""qty"":1,""price"":129.99}]"
ORD-2025-487,1,89.99,"[{""product"":""Smart Antenna"",""qty"":1,""price"":89.99}]"
ORD-2025-488,2,199.99,"[{""product"":""Smart Amplifier"",""qty"":1,""price"":199.99}]"
ORD-2025-489,3,149.99,"[{""product"":""Smart Modem"",""qty"":1,""price"":149.99}]"
ORD-2025-490,4,99.99,"[{""product"":""Smart Router"",""qty"":1,""price"":99.99}]"
ORD-2025-491,5,179.99,"[{""product"":""Smart Bridge"",""qty"":1,""price"":179.99}]"
ORD-2025-492,1,199.99,"[{""product"":""Smart Repeater"",""qty"":1,""price"":199.99}]"
ORD-2025-493,2,129.99,"[{""product"":""Smart Access Point"",""qty"":1,""price"":129.99}]"
ORD-2025-494,3,89.99,"[{""product"":""Smart Gateway"",""qty"":1,""price"":89.99}]"
ORD-2025-495,4,199.99,"[{""product"":""Smart Switch"",""qty"":1,""price"":199.99}]"
ORD-2025-496,5,149.99,"[{""product"":""Smart Firewall"",""qty"":1,""price"":149.99}]"
ORD-2025-497,1,99.99,"[{""product"":""Smart Router"",""qty"":1,""price"":99.99}]"
ORD-2025-498,2,179.99,"[{""product"":""Smart NIC"",""qty"":1,""price"":179.99}]"
ORD-2025-499,3,199.99,"[{""product"":""Smart Hub"",""qty"":1,""price"":199.99}]"
ORD-2025-500,4,129.99,"[{""product"":""Smart Cable"",""qty"":1,""price"":129.99}]"
ORD-2025-501,5,89.99,"[{""product"":""Smart Connector"",""qty"":1,""price"":89.99}]"
ORD-2025-502,1,199.99,"[{""product"":""Smart Adapter"",""qty"":1,""price"":199.99}]"
ORD-2025-503,2,149.99,"[{""product"":""Smart Converter"",""qty"":1,""price"":149.99}]"
ORD-2025-504,3,99.99,"[{""product"":""Smart Dock"",""qty"":1,""price"":99.99}]"
ORD-2025-505,4,179.99,"[{""product"":""Smart Charger"",""qty"":1,""price"":179.99}]"
ORD-2025-506,5,199.99,"[{""product"":""Smart Battery"",""qty"":1,""price"":199.99}]"
ORD-2025-507,1,129.99,"[{""product"":""Smart Solar Panel"",""qty"":1,""price"":129.99}]"
ORD-2025-508,2,89.99,"[{""product"":""Smart Generator"",""qty"":1,""price"":89.99}]"
ORD-2025-509,3,199.99,"[{""product"":""Smart Inverter"",""qty"":1,""price"":199.99}]"
ORD-2025-510,4,149.99,"[{""product"":""Smart Charger"",""qty"":1,""price"":149.99}]"
ORD-2025-511,5,99.99,"[{""product"":""Smart Fast Charger"",""qty"":1,""price"":99.99}]"
ORD-2025-512,1,179.99,"[{""product"":""Smart Wireless Charger"",""qty"":1,""price"":179.99}]"
ORD-2025-513,2,199.99,"[{""product"":""Smart Charging Pad"",""qty"":1,""price"":199.99}]"
ORD-2025-514,3,129.99,"[{""product"":""Smart Cable"",""qty"":1,""price"":129.99}]"
ORD-2025-515,4,89.99,"[{""product"":""Smart Adapter"",""qty"":1,""price"":89.99}]"
ORD-2025-516,5,199.99,"[{""product"":""Smart Converter"",""qty"":1,""price"":199.99}]"
ORD-2025-517,1,149.99,"[{""product"":""Smart Hub"",""qty"":1,""price"":149.99}]"
ORD-2025-518,2,99.99,"[{""product"":""Smart Dock"",""qty"":1,""price"":99.99}]"
ORD-2025-519,3,179.99,"[{""product"":""Smart Expansion Card"",""qty"":1,""price"":179.99}]"
ORD-2025-520,4,199.99,"[{""product"":""Smart Port"",""qty"":1,""price"":199.99}]"
ORD-2025-521,5,129.99,"[{""product"":""Smart Connector"",""qty"":1,""price"":129.99}]"
ORD-2025-522,1,89.99,"[{""product"":""Smart Interface"",""qty"":1,""price"":89.99}]"
ORD-2025-523,2,199.99,"[{""product"":""Smart Transmitter"",""qty"":1,""price"":199.99}]"
ORD-2025-524,3,149.99,"[{""product"":""Smart Receiver"",""qty"":1,""price"":149.99}]"
ORD-2025-525,4,99.99,"[{""product"":""Smart Antenna"",""qty"":1,""price"":99.99}]"
ORD-2025-526,5,179.99,"[{""product"":""Smart Amplifier"",""qty"":1,""price"":179.99}]"
ORD-2025-527,1,199.99,"[{""product"":""Smart Modem"",""qty"":1,""price"":199.99}]"
ORD-2025-528,2,129.99,"[{""product"":""Smart Router"",""qty"":1,""price"":129.99}]"
ORD-2025-529,3,89.99,"[{""product"":""Smart Bridge"",""qty"":1,""price"":89.99}]"
ORD-2025-530,4,199.99,"[{""product"":""Smart Repeater"",""qty"":1,""price"":199.99}]"
ORD-2025-531,5,149.99,"[{""product"":""Smart Access Point"",""qty"":1,""price"":149.99}]"
ORD-2025-532,1,99.99,"[{""product"":""Smart Gateway"",""qty"":1,""price"":99.99}]"
ORD-2025-533,2,179.99,"[{""product"":""Smart Switch"",""qty"":1,""price"":179.99}]"
ORD-2025-534,3,199.99,"[{""product"":""Smart Firewall"",""qty"":1,""price"":199.99}]"
ORD-2025-535,4,129.99,"[{""product"":""Smart Router"",""qty"":1,""price"":129.99}]"
ORD-2025-536,5,89.99,"[{""product"":""Smart NIC"",""qty"":1,""price"":89.99}]"
ORD-2025-537,1,199.99,"[{""product"":""Smart Hub"",""qty"":1,""price"":199.99}]"
ORD-2025-538,2,149.99,"[{""product"":""Smart Cable"",""qty"":1,""price"":149.99}]"
ORD-2025-539,3,99.99,"[{""product"":""Smart Connector"",""qty"":1,""price"":99.99}]"
ORD-2025-540,4,179.99,"[{""product"":""Smart Adapter"",""qty"":1,""price"":179.99}]"
ORD-2025-541,5,199.99,"[{""product"":""Smart Converter"",""qty"":1,""price"":199.99}]"
ORD-2025-542,1,129.99,"[{""product"":""Smart Dock"",""qty"":1,""price"":129.99}]"
ORD-2025-543,2,89.99,"[{""product"":""Smart Charger"",""qty"":1,""price"":89.99}]"
ORD-2025-544,3,199.99,"[{""product"":""Smart Battery"",""qty"":1,""price"":199.99}]"
ORD-2025-545,4,149.99,"[{""product"":""Smart Solar Panel"",""qty"":1,""price"":149.99}]"
ORD-2025-546,5,99.99,"[{""product"":""Smart Generator"",""qty"":1,""price"":99.99}]"
ORD-2025-547,1,179.99,"[{""product"":""Smart Inverter"",""qty"":1,""price"":179.99}]"
ORD-2025-548,2,199.99,"[{""product"":""Smart Charger"",""qty"":1,""price"":199.99}]"
ORD-2025-549,3,129.99,"[{""product"":""Smart Fast Charger"",""qty"":1,""price"":129.99}]"
ORD-2025-550,4,89.99,"[{""product"":""Smart Wireless Charger"",""qty"":1,""price"":89.99}]"
ORD-2025-551,5,199.99,"[{""product"":""Smart Charging Pad"",""qty"":1,""price"":199.99}]"
ORD-2025-552,1,149.99,"[{""product"":""Smart Cable"",""qty"":1,""price"":149.99}]"
ORD-2025-553,2,99.99,"[{""product"":""Smart Adapter"",""qty"":1,""price"":99.99}]"
ORD-2025-554,3,179.99,"[{""product"":""Smart Converter"",""qty"":1,""price"":179.99}]"
ORD-2025-555,4,199.99,"[{""product"":""Smart Hub"",""qty"":1,""price"":199.99}]"
ORD-2025-556,5,129.99,"[{""product"":""Smart Dock"",""qty"":1,""price"":129.99}]"
ORD-2025-557,1,89.99,"[{""product"":""Smart Expansion Card"",""qty"":1,""price"":89.99}]"
ORD-2025-558,2,199.99,"[{""product"":""Smart Port"",""qty"":1,""price"":199.99}]"
ORD-2025-559,3,149.99,"[{""product"":""Smart Connector"",""qty"":1,""price"":149.99}]"
ORD-2025-560,4,99.99,"[{""product"":""Smart Interface"",""qty"":1,""price"":99.99}]"
ORD-2025-561,5,179.99,"[{""product"":""Smart Transmitter"",""qty"":1,""price"":179.99}]"
ORD-2025-562,1,199.99,"[{""product"":""Smart Receiver"",""qty"":1,""price"":199.99}]"
ORD-2025-563,2,129.99,"[{""product"":""Smart Antenna"",""qty"":1,""price"":129.99}]"
ORD-2025-564,3,89.99,"[{""product"":""Smart Amplifier"",""qty"":1,""price"":89.99}]"
ORD-2025-565,4,199.99,"[{""product"":""Smart Modem"",""qty"":1,""price"":199.99}]"
ORD-2025-566,5,149.99,"[{""product"":""Smart Router"",""qty"":1,""price"":149.99}]"
ORD-2025-567,1,99.99,"[{""product"":""Smart Bridge"",""qty"":1,""price"":99.99}]"
ORD-2025-568,2,179.99,"[{""product"":""Smart Repeater"",""qty"":1,""price"":179.99}]"
ORD-2025-569,3,199.99,"[{""product"":""Smart Access Point"",""qty"":1,""price"":199.99}]"
ORD-2025-570,4,129.99,"[{""product"":""Smart Gateway"",""qty"":1,""price"":129.99}]"
ORD-2025-571,5,89.99,"[{""product"":""Smart Switch"",""qty"":1,""price"":89.99}]"
ORD-2025-572,1,199.99,"[{""product"":""Smart Firewall"",""qty"":1,""price"":199.99}]"
ORD-2025-573,2,149.99,"[{""product"":""Smart Router"",""qty"":1,""price"":149.99}]"
ORD-2025-574,3,99.99,"[{""product"":""Smart NIC"",""qty"":1,""price"":99.99}]"
ORD-2025-575,4,179.99,"[{""product"":""Smart Hub"",""qty"":1,""price"":179.99}]"
ORD-2025-576,5,199.99,"[{""product"":""Smart Cable"",""qty"":1,""price"":199.99}]"
ORD-2025-577,1,129.99,"[{""product"":""Smart Connector"",""qty"":1,""price"":129.99}]"
ORD-2025-578,2,89.99,"[{""product"":""Smart Adapter"",""qty"":1,""price"":89.99}]"
ORD-2025-579,3,199.99,"[{""product"":""Smart Converter"",""qty"":1,""price"":199.99}]"
ORD-2025-580,4,149.99,"[{""product"":""Smart Dock"",""qty"":1,""price"":149.99}]"
ORD-2025-581,5,99.99,"[{""product"":""Smart Charger"",""qty"":1,""price"":99.99}]"
ORD-2025-582,1,179.99,"[{""product"":""Smart Battery"",""qty"":1,""price"":179.99}]"
ORD-2025-583,2,199.99,"[{""product"":""Smart Solar Panel"",""qty"":1,""price"":199.99}]"
ORD-2025-584,3,129.99,"[{""product"":""Smart Generator"",""qty"":1,""price"":129.99}]"
ORD-2025-585,4,89.99,"[{""product"":""Smart Inverter"",""qty"":1,""price"":89.99}]"
ORD-2025-586,5,199.99,"[{""product"":""Smart Charger"",""qty"":1,""price"":199.99}]"
ORD-2025-587,1,149.99,"[{""product"":""Smart Fast Charger"",""qty"":1,""price"":149.99}]"
ORD-2025-588,2,99.99,"[{""product"":""Smart Wireless Charger"",""qty"":1,""price"":99.99}]"
ORD-2025-589,3,179.99,"[{""product"":""Smart Charging Pad"",""qty"":1,""price"":179.99}]"
ORD-2025-590,4,199.99,"[{""product"":""Smart Cable"",""qty"":1,""price"":199.99}]"
ORD-2025-591,5,129.99,"[{""product"":""Smart Adapter"",""qty"":1,""price"":129.99}]"
ORD-2025-592,1,89.99,"[{""product"":""Smart Converter"",""qty"":1,""price"":89.99}]"
ORD-2025-593,2,199.99,"[{""product"":""Smart Hub"",""qty"":1,""price"":199.99}]"
ORD-2025-594,3,149.99,"[{""product"":""Smart Dock"",""qty"":1,""price"":149.99}]"
ORD-2025-595,4,99.99,"[{""product"":""Smart Expansion Card"",""qty"":1,""price"":99.99}]"
ORD-2025-596,5,179.99,"[{""product"":""Smart Port"",""qty"":1,""price"":179.99}]"
ORD-2025-597,1,199.99,"[{""product"":""Smart Connector"",""qty"":1,""price"":199.99}]"
ORD-2025-598,2,129.99,"[{""product"":""Smart Interface"",""qty"":1,""price"":129.99}]"
ORD-2025-599,3,89.99,"[{""product"":""Smart Transmitter"",""qty"":1,""price"":89.99}]"
ORD-2025-600,4,199.99,"[{""product"":""Smart Receiver"",""qty"":1,""price"":199.99}]"
ORD-2025-601,5,149.99,"[{""product"":""Smart Antenna"",""qty"":1,""price"":149.99}]"
ORD-2025-602,1,99.99,"[{""product"":""Smart Amplifier"",""qty"":1,""price"":99.99}]"
ORD-2025-603,2,199.99,"[{""product"":""Smart Modem"",""qty"":1,""price"":199.99}]"
ORD-2025-604,3,129.99,"[{""product"":""Smart Router"",""qty"":1,""price"":129.99}]"
ORD-2025-605,4,89.99,"[{""product"":""Smart Bridge"",""qty"":1,""price"":89.99}]"
ORD-2025-606,5,179.99,"[{""product"":""Smart Repeater"",""qty"":1,""price"":179.99}]"
ORD-2025-607,1,199.99,"[{""product"":""Smart Access Point"",""qty"":1,""price"":199.99}]"
ORD-2025-608,2,149.99,"[{""product"":""Smart Gateway"",""qty"":1,""price"":149.99}]"
ORD-2025-609,3,99.99,"[{""product"":""Smart Switch"",""qty"":1,""price"":99.99}]"
ORD-2025-610,4,199.99,"[{""product"":""Smart Firewall"",""qty"":1,""price"":199.99}]"
ORD-2025-611,5,129.99,"[{""product"":""Smart Router"",""qty"":1,""price"":129.99}]"
ORD-2025-612,1,89.99,"[{""product"":""Smart NIC"",""qty"":1,""price"":89.99}]"
ORD-2025-613,2,199.99,"[{""product"":""Smart Hub"",""qty"":1,""price"":199.99}]"
ORD-2025-614,3,149.99,"[{""product"":""Smart Cable"",""qty"":1,""price"":149.99}]"
ORD-2025-615,4,99.99,"[{""product"":""Smart Connector"",""qty"":1,""price"":99.99}]"
ORD-2025-616,5,179.99,"[{""product"":""Smart Adapter"",""qty"":1,""price"":179.99}]"
ORD-2025-617,1,199.99,"[{""product"":""Smart Converter"",""qty"":1,""price"":199.99}]"
ORD-2025-618,2,129.99,"[{""product"":""Smart Dock"",""qty"":1,""price"":129.99}]"
ORD-2025-619,3,89.99,"[{""product"":""Smart Charger"",""qty"":1,""price"":89.99}]"
ORD-2025-620,4,199.99,"[{""product"":""Smart Battery"",""qty"":1,""price"":199.99}]"
ORD-2025-621,5,149.99,"[{""product"":""Smart Solar Panel"",""qty"":1,""price"":149.99}]"
ORD-2025-622,1,99.99,"[{""product"":""Smart Generator"",""qty"":1,""price"":99.99}]"
ORD-2025-623,2,179.99,"[{""product"":""Smart Inverter"",""qty"":1,""price"":179.99}]"
ORD-2025-624,3,199.99,"[{""product"":""Smart Charger"",""qty"":1,""price"":199.99}]"
ORD-2025-625,4,129.99,"[{""product"":""Smart Fast Charger"",""qty"":1,""price"":129.99}]"
ORD-2025-626,5,89.99,"[{""product"":""Smart Wireless Charger"",""qty"":1,""price"":89.99}]"
ORD-2025-627,1,199.99,"[{""product"":""Smart Charging Pad"",""qty"":1,""price"":199.99}]"
ORD-2025-628,2,149.99,"[{""product"":""Smart Cable"",""qty"":1,""price"":149.99}]"
ORD-2025-629,3,99.99,"[{""product"":""Smart Adapter"",""qty"":1,""price"":99.99}]"
ORD-2025-630,4,179.99,"[{""product"":""Smart Converter"",""qty"":1,""price"":179.99}]"
ORD-2025-631,5,199.99,"[{""product"":""Smart Hub"",""qty"":1,""price"":199.99}]"
ORD-2025-632,1,129.99,"[{""product"":""Smart Dock"",""qty"":1,""price"":129.99}]"
ORD-2025-633,2,89.99,"[{""product"":""Smart Expansion Card"",""qty"":1,""price"":89.99}]"
ORD-2025-634,3,199.99,"[{""product"":""Smart Port"",""qty"":1,""price"":199.99}]"
ORD-2025-635,4,149.99,"[{""product"":""Smart Connector"",""qty"":1,""price"":149.99}]"
ORD-2025-636,5,99.99,"[{""product"":""Smart Interface"",""qty"":1,""price"":99.99}]"
ORD-2025-637,1,179.99,"[{""product"":""Smart Transmitter"",""qty"":1,""price"":179.99}]"
ORD-2025-638,2,199.99,"[{""product"":""Smart Receiver"",""qty"":1,""price"":199.99}]"
ORD-2025-639,3,129.99,"[{""product"":""Smart Antenna"",""qty"":1,""price"":129.99}]"
ORD-2025-640,4,89.99,"[{""product"":""Smart Amplifier"",""qty"":1,""price"":89.99}]"
ORD-2025-641,5,199.99,"[{""product"":""Smart Modem"",""qty"":1,""price"":199.99}]"
ORD-2025-642,1,149.99,"[{""product"":""Smart Router"",""qty"":1,""price"":149.99}]"
ORD-2025-643,2,99.99,"[{""product"":""Smart Bridge"",""qty"":1,""price"":99.99}]"
ORD-2025-644,3,179.99,"[{""product"":""Smart Repeater"",""qty"":1,""price"":179.99}]"
ORD-2025-645,4,199.99,"[{""product"":""Smart Access Point"",""qty"":1,""price"":199.99}]"
ORD-2025-646,5,129.99,"[{""product"":""Smart Gateway"",""qty"":1,""price"":129.99}]"
ORD-2025-647,1,89.99,"[{""product"":""Smart Switch"",""qty"":1,""price"":89.99}]"
ORD-2025-648,2,199.99,"[{""product"":""Smart Firewall"",""qty"":1,""price"":199.99}]"
ORD-2025-649,3,149.99,"[{""product"":""Smart Router"",""qty"":1,""price"":149.99}]"
ORD-2025-650,4,99.99,"[{""product"":""Smart NIC"",""qty"":1,""price"":99.99}]"
ORD-2025-651,5,179.99,"[{""product"":""Smart Hub"",""qty"":1,""price"":179.99}]"
ORD-2025-652,1,199.99,"[{""product"":""Smart Cable"",""qty"":1,""price"":199.99}]"
ORD-2025-653,2,129.99,"[{""product"":""Smart Connector"",""qty"":1,""price"":129.99}]"
ORD-2025-654,3,89.99,"[{""product"":""Smart Adapter"",""qty"":1,""price"":89.99}]"
ORD-2025-655,4,199.99,"[{""product"":""Smart Converter"",""qty"":1,""price"":199.99}]"
ORD-2025-656,5,149.99,"[{""product"":""Smart Dock"",""qty"":1,""price"":149.99}]"
ORD-2025-657,1,99.99,"[{""product"":""Smart Charger"",""qty"":1,""price"":99.99}]"
ORD-2025-658,2,179.99,"[{""product"":""Smart Battery"",""qty"":1,""price"":179.99}]"
ORD-2025-659,3,199.99,"[{""product"":""Smart Solar Panel"",""qty"":1,""price"":199.99}]"
ORD-2025-660,4,129.99,"[{""product"":""Smart Generator"",""qty"":1,""price"":129.99}]"
ORD-2025-661,5,89.99,"[{""product"":""Smart Inverter"",""qty"":1,""price"":89.99}]"
ORD-2025-662,1,199.99,"[{""product"":""Smart Charger"",""qty"":1,""price"":199.99}]"
ORD-2025-663,2,149.99,"[{""product"":""Smart Fast Charger"",""qty"":1,""price"":149.99}]"
ORD-2025-664,3,99.99,"[{""product"":""Smart Wireless Charger"",""qty"":1,""price"":99.99}]"
ORD-2025-665,4,179.99,"[{""product"":""Smart Charging Pad"",""qty"":1,""price"":179.99}]"
ORD-2025-666,5,199.99,"[{""product"":""Smart Cable"",""qty"":1,""price"":199.99}]"
ORD-2025-667,1,129.99,"[{""product"":""Smart Adapter"",""qty"":1,""price"":129.99}]"
ORD-2025-668,2,89.99,"[{""product"":""Smart Converter"",""qty"":1,""price"":89.99}]"
ORD-2025-669,3,199.99,"[{""product"":""Smart Hub"",""qty"":1,""price"":199.99}]"
ORD-2025-670,4,149.99,"[{""product"":""Smart Dock"",""qty"":1,""price"":149.99}]"
ORD-2025-671,5,99.99,"[{""product"":""Smart Expansion Card"",""qty"":1,""price"":99.99}]"
ORD-2025-672,1,179.99,"[{""product"":""Smart Port"",""qty"":1,""price"":179.99}]"
ORD-2025-673,2,199.99,"[{""product"":""Smart Connector"",""qty"":1,""price"":199.99}]"
ORD-2025-674,3,129.99,"[{""product"":""Smart Interface"",""qty"":1,""price"":129.99}]"
ORD-2025-675,4,89.99,"[{""product"":""Smart Transmitter"",""qty"":1,""price"":89.99}]"
ORD-2025-676,5,199.99,"[{""product"":""Smart Receiver"",""qty"":1,""price"":199.99}]"
ORD-2025-677,1,149.99,"[{""product"":""Smart Antenna"",""qty"":1,""price"":149.99}]"
ORD-2025-678,2,99.99,"[{""product"":""Smart Amplifier"",""qty"":1,""price"":99.99}]"
ORD-2025-679,3,179.99,"[{""product"":""Smart Modem"",""qty"":1,""price"":179.99}]"
ORD-2025-680,4,199.99,"[{""product"":""Smart Router"",""qty"":1,""price"":199.99}]"
ORD-2025-681,5,129.99,"[{""product"":""Smart Bridge"",""qty"":1,""price"":129.99}]"
ORD-2025-682,1,89.99,"[{""product"":""Smart Repeater"",""qty"":1,""price"":89.99}]"
ORD-2025-683,2,199.99,"[{""product"":""Smart Access Point"",""qty"":1,""price"":199.99}]"
ORD-2025-684,3,149.99,"[{""product"":""Smart Gateway"",""qty"":1,""price"":149.99}]"
ORD-2025-685,4,99.99,"[{""product"":""Smart Switch"",""qty"":1,""price"":99.99}]"
ORD-2025-686,5,179.99,"[{""product"":""Smart Firewall"",""qty"":1,""price"":179.99}]"
ORD-2025-687,1,199.99,"[{""product"":""Smart Router"",""qty"":1,""price"":199.99}]"
ORD-2025-688,2,129.99,"[{""product"":""Smart NIC"",""qty"":1,""price"":129.99}]"
ORD-2025-689,3,89.99,"[{""product"":""Smart Hub"",""qty"":1,""price"":89.99}]"
ORD-2025-690,4,199.99,"[{""product"":""Smart Cable"",""qty"":1,""price"":199.99}]"
ORD-2025-691,5,149.99,"[{""product"":""Smart Connector"",""qty"":1,""price"":149.99}]"
ORD-2025-692,1,99.99,"[{""product"":""Smart Adapter"",""qty"":1,""price"":99.99}]"
ORD-2025-693,2,179.99,"[{""product"":""Smart Converter"",""qty"":1,""price"":179.99}]"
ORD-2025-694,3,199.99,"[{""product"":""Smart Dock"",""qty"":1,""price"":199.99}]"
ORD-2025-695,4,129.99,"[{""product"":""Smart Charger"",""qty"":1,""price"":129.99}]"
ORD-2025-696,5,89.99,"[{""product"":""Smart Battery"",""qty"":1,""price"":89.99}]"
ORD-2025-697,1,199.99,"[{""product"":""Smart Solar Panel"",""qty"":1,""price"":199.99}]"
ORD-2025-698,2,149.99,"[{""product"":""Smart Generator"",""qty"":1,""price"":149.99}]"
ORD-2025-699,3,99.99,"[{""product"":""Smart Inverter"",""qty"":1,""price"":99.99}]"
ORD-2025-700,4,179.99,"[{""product"":""Smart Charger"",""qty"":1,""price"":179.99}]"
ORD-2025-701,5,199.99,"[{""product"":""Smart Fast Charger"",""qty"":1,""price"":199.99}]"
ORD-2025-702,1,129.99,"[{""product"":""Smart Wireless Charger"",""qty"":1,""price"":129.99}]"
ORD-2025-703,2,89.99,"[{""product"":""Smart Charging Pad"",""qty"":1,""price"":89.99}]"
ORD-2025-704,3,199.99,"[{""product"":""Smart Cable"",""qty"":1,""price"":199.99}]"
ORD-2025-705,4,149.99,"[{""product"":""Smart Adapter"",""qty"":1,""price"":149.99}]"
ORD-2025-706,5,99.99,"[{""product"":""Smart Converter"",""qty"":1,""price"":99.99}]"
ORD-2025-707,1,179.99,"[{""product"":""Smart Hub"",""qty"":1,""price"":179.99}]"
ORD-2025-708,2,199.99,"[{""product"":""Smart Dock"",""qty"":1,""price"":199.99}]"
ORD-2025-709,3,129.99,"[{""product"":""Smart Expansion Card"",""qty"":1,""price"":129.99}]"
ORD-2025-710,4,89.99,"[{""product"":""Smart Port"",""qty"":1,""price"":89.99}]"
ORD-2025-711,5,199.99,"[{""product"":""Smart Connector"",""qty"":1,""price"":199.99}]"
ORD-2025-712,1,149.99,"[{""product"":""Smart Interface"",""qty"":1,""price"":149.99}]"
ORD-2025-713,2,99.99,"[{""product"":""Smart Transmitter"",""qty"":1,""price"":99.99}]"
ORD-2025-714,3,179.99,"[{""product"":""Smart Receiver"",""qty"":1,""price"":179.99}]"
ORD-2025-715,4,199.99,"[{""product"":""Smart Antenna"",""qty"":1,""price"":199.99}]"
ORD-2025-716,5,129.99,"[{""product"":""Smart Amplifier"",""qty"":1,""price"":129.99}]"
ORD-2025-717,1,89.99,"[{""product"":""Smart Modem"",""qty"":1,""price"":89.99}]"
ORD-2025-718,2,199.99,"[{""product"":""Smart Router"",""qty"":1,""price"":199.99}]"
ORD-2025-719,3,149.99,"[{""product"":""Smart Bridge"",""qty"":1,""price"":149.99}]"
ORD-2025-720,4,99.99,"[{""product"":""Smart Repeater"",""qty"":1,""price"":99.99}]"
ORD-2025-721,5,179.99,"[{""product"":""Smart Access Point"",""qty"":1,""price"":179.99}]"
ORD-2025-722,1,199.99,"[{""product"":""Smart Gateway"",""qty"":1,""price"":199.99}]"
ORD-2025-723,2,129.99,"[{""product"":""Smart Switch"",""qty"":1,""price"":129.99}]"